Hotel,Location,Star,Price Per Night,Restaurant,Free Breakfast,Pizza,Burger,Table Tennis,Horseback Riding,Bicycle Riding,Board Games,Swimming Pool,Free Cancellation,Free Wifi,Gym,Playstation,Cctv camera,Children activities,Freetaxiservice,Atm onsite,Laundryservice,Parkinglot,Television,Doublebed,Twinbed,Airconditioner,Bathroom,Telephone,Refrigerator,Showerchair,Amenities
Capital Hotel And Spa,Addis Ababa,5,"$11,400.00",Restaurant,Free Breakfast, , , , , , ,Swimming Pool, ,Free Wifi,Gym, ,Cctv camera, ,Freetaxiservice, ,Laundryservice,Parkinglot,Television,Doublebed,Twinbed,Airconditioner,Bathroom, ,Refrigerator, ,"Restaurant, Free Breakfast,  ,  ,  ,  ,  ,  , Swimming Pool,  , Free Wifi, Gym,  , Cctv camera,  , Freetaxiservice,  , Laundryservice, Parkinglot, Television, Doublebed, Twinbed, Airconditioner, Bathroom,  , Refrigerator,  "
Sheraton Addis Hotel,Addis Ababa,5,"$12,990.00",Restaurant,Free Breakfast,Pizza,Burger, , ,Bicycle Riding,Board Games,Swimming Pool, ,Free Wifi, , ,Cctv camera,Children activities,Freetaxiservice,Atm onsite,Laundryservice,Parkinglot,Television,Doublebed,Twinbed,Airconditioner,Bathroom,Telephone,Refrigerator,Showerchair,"Restaurant, Free Breakfast, Pizza, Burger,  ,  , Bicycle Riding, Board Games, Swimming Pool,  , Free Wifi,  ,  , Cctv camera, Children activities, Freetaxiservice, Atm onsite, Laundryservice, Parkinglot, Television, Doublebed, Twinbed, Airconditioner, Bathroom, Telephone, Refrigerator, Showerchair"
Hilton Hotel,Addis Ababa,5,"$12,996.00",Restaurant,Free Breakfast, , ,Table Tennis, ,Bicycle Riding,Board Games,Swimming Pool, ,Free Wifi, , ,Cctv camera,Children activities,Freetaxiservice, ,Laundryservice,Parkinglot,Television,Doublebed,Twinbed,Airconditioner,Bathroom, , ,Showerchair,"Restaurant, Free Breakfast,  ,  , Table Tennis,  , Bicycle Riding, Board Games, Swimming Pool,  , Free Wifi,  ,  , Cctv camera, Children activities, Freetaxiservice,  , Laundryservice, Parkinglot, Television, Doublebed, Twinbed, Airconditioner, Bathroom,  ,  , Showerchair"
Radisson Hotel,Addis Ababa,5,"$12,450.00",Restaurant, , , ,Table Tennis, , , ,Swimming Pool,Free Cancellation,Free Wifi,Gym, ,Cctv camera,Children activities,Freetaxiservice,Atm onsite,Laundryservice,Parkinglot,Television,Doublebed,Twinbed,Airconditioner,Bathroom, , ,Showerchair,"Restaurant,  ,  ,  , Table Tennis,  ,  ,  , Swimming Pool, Free Cancellation, Free Wifi, Gym,  , Cctv camera, Children activities, Freetaxiservice, Atm onsite, Laundryservice, Parkinglot, Television, Doublebed, Twinbed, Airconditioner, Bathroom,  ,  , Showerchair"
Ethiopian Skylight,Addis Ababa,5,"$7,600.00",Restaurant,Free Breakfast,Pizza,Burger, ,Horseback Riding,Bicycle Riding,Board Games,Swimming Pool, ,Free Wifi,Gym, ,Cctv camera,Children activities,Freetaxiservice,Atm onsite,Laundryservice,Parkinglot,Television,Doublebed,Twinbed,Airconditioner,Bathroom,Telephone,Refrigerator, ,"Restaurant, Free Breakfast, Pizza, Burger,  , Horseback Riding, Bicycle Riding, Board Games, Swimming Pool,  , Free Wifi, Gym,  , Cctv camera, Children activities, Freetaxiservice, Atm onsite, Laundryservice, Parkinglot, Television, Doublebed, Twinbed, Airconditioner, Bathroom, Telephone, Refrigerator,  "
Hyatt Hotel,Addis Ababa,5,"$1,300.00",Restaurant, , , , , , , ,Swimming Pool, ,Free Wifi, , ,Cctv camera,Children activities,Freetaxiservice,Atm onsite,Laundryservice,Parkinglot,Television,Doublebed,Twinbed,Airconditioner,Bathroom, ,Refrigerator, ,"Restaurant,  ,  ,  ,  ,  ,  ,  , Swimming Pool,  , Free Wifi,  ,  , Cctv camera, Children activities, Freetaxiservice, Atm onsite, Laundryservice, Parkinglot, Television, Doublebed, Twinbed, Airconditioner, Bathroom,  , Refrigerator,  "
Heyday Hotel,Addis Ababa,4,"$3,360.00",Restaurant,Free Breakfast, , , , , , ,Swimming Pool, ,Free Wifi, , ,Cctv camera,Children activities,Freetaxiservice,Atm onsite,Laundryservice,Parkinglot,Television,Doublebed,Twinbed,Airconditioner,Bathroom,Telephone,Refrigerator,Showerchair,"Restaurant, Free Breakfast,  ,  ,  ,  ,  ,  , Swimming Pool,  , Free Wifi,  ,  , Cctv camera, Children activities, Freetaxiservice, Atm onsite, Laundryservice, Parkinglot, Television, Doublebed, Twinbed, Airconditioner, Bathroom, Telephone, Refrigerator, Showerchair"
Intercontenantal Hotel,Addis Ababa,4,"$9,820.00",Restaurant,Free Breakfast, , , , , , ,Swimming Pool, ,Free Wifi,Gym, ,Cctv camera,Children activities,Freetaxiservice,Atm onsite,Laundryservice,Parkinglot,Television,Doublebed,Twinbed,Airconditioner,Bathroom,Telephone,Refrigerator, ,"Restaurant, Free Breakfast,  ,  ,  ,  ,  ,  , Swimming Pool,  , Free Wifi, Gym,  , Cctv camera, Children activities, Freetaxiservice, Atm onsite, Laundryservice, Parkinglot, Television, Doublebed, Twinbed, Airconditioner, Bathroom, Telephone, Refrigerator,  "
Awetu Grand Hotel,Jimma,4,"$1,300.00",Restaurant, , , , , , , , , ,Free Wifi, , , ,Children activities,Freetaxiservice, ,Laundryservice,Parkinglot, ,Doublebed, , ,Bathroom, , , ,"Restaurant,  ,  ,  ,  ,  ,  ,  ,  ,  , Free Wifi,  ,  ,  , Children activities, Freetaxiservice,  , Laundryservice, Parkinglot,  , Doublebed,  ,  , Bathroom,  ,  ,  "
Boni International Hotel,Jimma,3,"$1,800.00",Restaurant, , , , , , , , , ,Free Wifi, , , ,Children activities,Freetaxiservice, ,Laundryservice,Parkinglot, , , , ,Bathroom, , , ,"Restaurant,  ,  ,  ,  ,  ,  ,  ,  ,  , Free Wifi,  ,  ,  , Children activities, Freetaxiservice,  , Laundryservice, Parkinglot,  ,  ,  ,  , Bathroom,  ,  ,  "
Hotel Dololo,Jimma,4,"$1,200.00",Restaurant, , , , , , , , , ,Free Wifi, , , , , , , ,Parkinglot, , , , ,Bathroom, , , ,"Restaurant,  ,  ,  ,  ,  ,  ,  ,  ,  , Free Wifi,  ,  ,  ,  ,  ,  ,  , Parkinglot,  ,  ,  ,  , Bathroom,  ,  ,  "
Honeyland Hotel,Jimma,2,"$1,450.00",Restaurant, , , , , , , , , , , , , ,Children activities, , , , , , , , ,Bathroom, , , ,"Restaurant,  ,  ,  ,  ,  ,  ,  ,  ,  ,  ,  ,  ,  , Children activities,  ,  ,  ,  ,  ,  ,  ,  , Bathroom,  ,  ,  "
Coffe Land Hotel,Jimma,3,"$1,235.00",Restaurant, , , , , , , , , , , , , ,Children activities, ,Atm onsite,Laundryservice,Parkinglot,Television, , , ,Bathroom, , , ,"Restaurant,  ,  ,  ,  ,  ,  ,  ,  ,  ,  ,  ,  ,  , Children activities,  , Atm onsite, Laundryservice, Parkinglot, Television,  ,  ,  , Bathroom,  ,  ,  "
Abebech Metafaria Hotel,Ambo,2,"$1,000.00",Restaurant, , , , , , , , , ,Free Wifi, , , ,Children activities, , , ,Parkinglot,Television,Doublebed, , ,Bathroom, , , ,"Restaurant,  ,  ,  ,  ,  ,  ,  ,  ,  , Free Wifi,  ,  ,  , Children activities,  ,  ,  , Parkinglot, Television, Doublebed,  ,  , Bathroom,  ,  ,  "
Haile Hotel,Shashamane,4,"$1,400.00",Restaurant, , , , , , , , , ,Free Wifi, , ,Cctv camera,Children activities,Freetaxiservice,Atm onsite,Laundryservice,Parkinglot,Television,Doublebed, , ,Bathroom,Telephone, , ,"Restaurant,  ,  ,  ,  ,  ,  ,  ,  ,  , Free Wifi,  ,  , Cctv camera, Children activities, Freetaxiservice, Atm onsite, Laundryservice, Parkinglot, Television, Doublebed,  ,  , Bathroom, Telephone,  ,  "
Shashemene Rift Valley Hotel,Shashamane,4,"$1,300.00",Restaurant,, , , , , , ,Swimming Pool, ,Free Wifi, , ,Cctv camera,Children activities,Freetaxiservice,Atm onsite, ,Parkinglot,Television,Doublebed, , ,Bathroom, , , ,"Restaurant, ,  ,  ,  ,  ,  ,  , Swimming Pool,  , Free Wifi,  ,  , Cctv camera, Children activities, Freetaxiservice, Atm onsite,  , Parkinglot, Television, Doublebed,  ,  , Bathroom,  ,  ,  "
Zion Train Lodge,Shashamane,4,"$1,350.00",Restaurant, , , ,Table Tennis,Horseback Riding,Bicycle Riding,Board Games,Swimming Pool,Free Cancellation,Free Wifi, , , ,Children activities,Freetaxiservice, ,Laundryservice,Parkinglot,Television,Doublebed, , ,Bathroom, , , ,"Restaurant,  ,  ,  , Table Tennis, Horseback Riding, Bicycle Riding, Board Games, Swimming Pool, Free Cancellation, Free Wifi,  ,  ,  , Children activities, Freetaxiservice,  , Laundryservice, Parkinglot, Television, Doublebed,  ,  , Bathroom,  ,  ,  "
Haile  Resort Hawasa,Hawassa,5,"$3,598.00",Restaurant,Free Breakfast, , ,Table Tennis, , , ,Swimming Pool,Free Cancellation,Free Wifi,Gym, ,Cctv camera,Children activities, , ,Laundryservice,Parkinglot,Television,Doublebed, ,Airconditioner,Bathroom, ,Refrigerator, ,"Restaurant, Free Breakfast,  ,  , Table Tennis,  ,  ,  , Swimming Pool, Free Cancellation, Free Wifi, Gym,  , Cctv camera, Children activities,  ,  , Laundryservice, Parkinglot, Television, Doublebed,  , Airconditioner, Bathroom,  , Refrigerator,  "
South Star International Hotel,Hawassa,4,"$2,193.00",Restaurant,Free Breakfast, , , , , , ,Swimming Pool,Free Cancellation,Free Wifi, , , ,Children activities, , ,Laundryservice,Parkinglot, ,Doublebed, , ,Bathroom, , , ,"Restaurant, Free Breakfast,  ,  ,  ,  ,  ,  , Swimming Pool, Free Cancellation, Free Wifi,  ,  ,  , Children activities,  ,  , Laundryservice, Parkinglot,  , Doublebed,  ,  , Bathroom,  ,  ,  "
United Africa Group,Hawassa,3,"$1,989.00",Restaurant, ,Pizza, ,Table Tennis, ,Bicycle Riding,Board Games,Swimming Pool, ,Free Wifi, , , ,Children activities, , , ,Parkinglot,Television,Doublebed,Twinbed,Airconditioner,Bathroom,Telephone, ,Showerchair,"Restaurant,  , Pizza,  , Table Tennis,  , Bicycle Riding, Board Games, Swimming Pool,  , Free Wifi,  ,  ,  , Children activities,  ,  ,  , Parkinglot, Television, Doublebed, Twinbed, Airconditioner, Bathroom, Telephone,  , Showerchair"
Hawassa Oasis International Hotel,Hawassa,4,"$2,141.00",Restaurant,Free Breakfast,Pizza,Burger, , , , ,Swimming Pool,Free Cancellation,Free Wifi, ,Playstation,Cctv camera,Children activities, , , ,Parkinglot,Television,Doublebed,Twinbed,Airconditioner,Bathroom, , , ,"Restaurant, Free Breakfast, Pizza, Burger,  ,  ,  ,  , Swimming Pool, Free Cancellation, Free Wifi,  , Playstation, Cctv camera, Children activities,  ,  ,  , Parkinglot, Television, Doublebed, Twinbed, Airconditioner, Bathroom,  ,  ,  "
Central Hawassa Hotel,Hawassa,2,"$1,632.00",Restaurant, ,Pizza, , , , , , , ,Free Wifi, , , , , ,Atm onsite,Laundryservice,Parkinglot,Television,Doublebed,Twinbed,Airconditioner,Bathroom, , ,Showerchair,"Restaurant,  , Pizza,  ,  ,  ,  ,  ,  ,  , Free Wifi,  ,  ,  ,  ,  , Atm onsite, Laundryservice, Parkinglot, Television, Doublebed, Twinbed, Airconditioner, Bathroom,  ,  , Showerchair"
Lewi Hotel And Resorts,Hawassa,4,"$3,598.00",Restaurant,Free Breakfast, , , , , , ,Swimming Pool,Free Cancellation,Free Wifi, , , ,Children activities, , ,Laundryservice,Parkinglot,Television,Doublebed,Twinbed,Airconditioner,Bathroom,Telephone,Refrigerator, ,"Restaurant, Free Breakfast,  ,  ,  ,  ,  ,  , Swimming Pool, Free Cancellation, Free Wifi,  ,  ,  , Children activities,  ,  , Laundryservice, Parkinglot, Television, Doublebed, Twinbed, Airconditioner, Bathroom, Telephone, Refrigerator,  "
Heron Hotel,Hawassa,4,"$1,542.00",Restaurant,Free Breakfast, , , , , , , ,Free Cancellation,Free Wifi, , , ,Children activities, , ,Laundryservice,Parkinglot,Television,Doublebed, , ,Bathroom, , , ,"Restaurant, Free Breakfast,  ,  ,  ,  ,  ,  ,  , Free Cancellation, Free Wifi,  ,  ,  , Children activities,  ,  , Laundryservice, Parkinglot, Television, Doublebed,  ,  , Bathroom,  ,  ,  "
Atse Yohannes Hotel,Mekele,4,"$2,260.00",Restaurant,Free Breakfast, , , , , , ,Swimming Pool,Free Cancellation,Free Wifi, , ,Cctv camera,Children activities,Freetaxiservice,Atm onsite,Laundryservice,Parkinglot,Television,Doublebed,Twinbed,Airconditioner,Bathroom,Telephone, , ,"Restaurant, Free Breakfast,  ,  ,  ,  ,  ,  , Swimming Pool, Free Cancellation, Free Wifi,  ,  , Cctv camera, Children activities, Freetaxiservice, Atm onsite, Laundryservice, Parkinglot, Television, Doublebed, Twinbed, Airconditioner, Bathroom, Telephone,  ,  "
Mekelle Hotel,Mekele,4,"$1,713.00",Restaurant, , , , , , , , , ,Free Wifi, , , , , , ,Laundryservice,Parkinglot,Television,Doublebed, , ,Bathroom, , , ,"Restaurant,  ,  ,  ,  ,  ,  ,  ,  ,  , Free Wifi,  ,  ,  ,  ,  ,  , Laundryservice, Parkinglot, Television, Doublebed,  ,  , Bathroom,  ,  ,  "
Desta International Hotel,Mekele,4,"$2,399.00",Restaurant,Free Breakfast, , , , , , ,Swimming Pool,Free Cancellation,Free Wifi, , ,Cctv camera,Children activities, , ,Laundryservice,Parkinglot,Television,Doublebed,Twinbed,Airconditioner,Bathroom,Telephone, , ,"Restaurant, Free Breakfast,  ,  ,  ,  ,  ,  , Swimming Pool, Free Cancellation, Free Wifi,  ,  , Cctv camera, Children activities,  ,  , Laundryservice, Parkinglot, Television, Doublebed, Twinbed, Airconditioner, Bathroom, Telephone,  ,  "
Planet Hotel,Mekele,4,"$3,874.00",Restaurant,Free Breakfast, , , , , , ,Swimming Pool, ,Free Wifi,Gym, ,Cctv camera,Children activities,Freetaxiservice, ,Laundryservice,Parkinglot,Television,Doublebed,Twinbed, ,Bathroom, , , ,"Restaurant, Free Breakfast,  ,  ,  ,  ,  ,  , Swimming Pool,  , Free Wifi, Gym,  , Cctv camera, Children activities, Freetaxiservice,  , Laundryservice, Parkinglot, Television, Doublebed, Twinbed,  , Bathroom,  ,  ,  "
Axum Hotel,Mekele,3,"$1,760.00",Restaurant,Free Breakfast, , , , , , ,Swimming Pool, ,Free Wifi,Gym, , ,Children activities, , ,Laundryservice,Parkinglot,Television,Doublebed,Twinbed, ,Bathroom, ,Refrigerator, ,"Restaurant, Free Breakfast,  ,  ,  ,  ,  ,  , Swimming Pool,  , Free Wifi, Gym,  ,  , Children activities,  ,  , Laundryservice, Parkinglot, Television, Doublebed, Twinbed,  , Bathroom,  , Refrigerator,  "
Moringa Hotel,Mekele,4,"$1,800.00",Restaurant,Free Breakfast, , , , , , ,Swimming Pool, ,Free Wifi, , ,Cctv camera,Children activities,Freetaxiservice, ,Laundryservice,Parkinglot, ,Doublebed,Twinbed, ,Bathroom, ,Refrigerator, ,"Restaurant, Free Breakfast,  ,  ,  ,  ,  ,  , Swimming Pool,  , Free Wifi,  ,  , Cctv camera, Children activities, Freetaxiservice,  , Laundryservice, Parkinglot,  , Doublebed, Twinbed,  , Bathroom,  , Refrigerator,  "
Romanat Hotel,Mekele,5,"$2,580.00",Restaurant,Free Breakfast, , , ,Horseback Riding, , , , ,Free Wifi, , , ,Children activities, , ,Laundryservice,Parkinglot,Television,Doublebed,Twinbed,Airconditioner,Bathroom,Telephone, , ,"Restaurant, Free Breakfast,  ,  ,  , Horseback Riding,  ,  ,  ,  , Free Wifi,  ,  ,  , Children activities,  ,  , Laundryservice, Parkinglot, Television, Doublebed, Twinbed, Airconditioner, Bathroom, Telephone,  ,  "
Africa Hotel,Axum,2,$500.00,Restaurant, , , ,Table Tennis,Horseback Riding,Bicycle Riding,Board Games, ,Free Cancellation,Free Wifi,Gym,Playstation, ,Children activities,Freetaxiservice, ,Laundryservice,Parkinglot,Television,Doublebed,Twinbed,Airconditioner,Bathroom,Telephone,Refrigerator,Showerchair,"Restaurant,  ,  ,  , Table Tennis, Horseback Riding, Bicycle Riding, Board Games,  , Free Cancellation, Free Wifi, Gym, Playstation,  , Children activities, Freetaxiservice,  , Laundryservice, Parkinglot, Television, Doublebed, Twinbed, Airconditioner, Bathroom, Telephone, Refrigerator, Showerchair"
Consolar Internationa Hotel,Axum,3,"$1,000.00",Restaurant,Free Breakfast,Pizza,Burger,Table Tennis,Horseback Riding,Bicycle Riding, , , ,Free Wifi, , ,Cctv camera,Children activities, , , ,Parkinglot,Television,Doublebed,Twinbed, ,Bathroom,Telephone,Refrigerator,Showerchair,"Restaurant, Free Breakfast, Pizza, Burger, Table Tennis, Horseback Riding, Bicycle Riding,  ,  ,  , Free Wifi,  ,  , Cctv camera, Children activities,  ,  ,  , Parkinglot, Television, Doublebed, Twinbed,  , Bathroom, Telephone, Refrigerator, Showerchair"
Axum Touring Hotel,Axum,3,"$1,000.00",Restaurant,Free Breakfast,Pizza,Burger,Table Tennis,Horseback Riding,Bicycle Riding,Board Games,Swimming Pool, ,Free Wifi,Gym, , ,Children activities, , ,Laundryservice,Parkinglot,Television,Doublebed,Twinbed,Airconditioner,Bathroom, , , ,"Restaurant, Free Breakfast, Pizza, Burger, Table Tennis, Horseback Riding, Bicycle Riding, Board Games, Swimming Pool,  , Free Wifi, Gym,  ,  , Children activities,  ,  , Laundryservice, Parkinglot, Television, Doublebed, Twinbed, Airconditioner, Bathroom,  ,  ,  "
Armah Hotel,Axum,3,$750.00,Restaurant,Free Breakfast,Pizza,Burger, , , , ,Swimming Pool,Free Cancellation,Free Wifi,Gym,Playstation,Cctv camera,Children activities,Freetaxiservice, ,Laundryservice,Parkinglot,Television,Doublebed,Twinbed,Airconditioner,Bathroom, , , ,"Restaurant, Free Breakfast, Pizza, Burger,  ,  ,  ,  , Swimming Pool, Free Cancellation, Free Wifi, Gym, Playstation, Cctv camera, Children activities, Freetaxiservice,  , Laundryservice, Parkinglot, Television, Doublebed, Twinbed, Airconditioner, Bathroom,  ,  ,  "
Brana Hotel,Axum,3,"$1,892.00",Restaurant,Free Breakfast, , , , , , , ,Free Cancellation,Free Wifi, , , , , , ,Laundryservice,Parkinglot, ,Doublebed, , ,Bathroom, ,Refrigerator, ,"Restaurant, Free Breakfast,  ,  ,  ,  ,  ,  ,  , Free Cancellation, Free Wifi,  ,  ,  ,  ,  ,  , Laundryservice, Parkinglot,  , Doublebed,  ,  , Bathroom,  , Refrigerator,  "
Adama Hotel,Adama,4,"$5,240.00",Restaurant, , , , , , , ,Swimming Pool, ,Free Wifi, , ,Cctv camera,Children activities, ,Atm onsite,Laundryservice,Parkinglot,Television,Doublebed,Twinbed,Airconditioner,Bathroom, , , ,"Restaurant,  ,  ,  ,  ,  ,  ,  , Swimming Pool,  , Free Wifi,  ,  , Cctv camera, Children activities,  , Atm onsite, Laundryservice, Parkinglot, Television, Doublebed, Twinbed, Airconditioner, Bathroom,  ,  ,  "
Kuriftu Resort And Spa,Adama,4,"$4,500.00",Restaurant,Free Breakfast, , , , , , ,Swimming Pool, ,Free Wifi, , , ,Children activities, ,Atm onsite, ,Parkinglot,Television,Doublebed,Twinbed,Airconditioner,Bathroom, ,Refrigerator, ,"Restaurant, Free Breakfast,  ,  ,  ,  ,  ,  , Swimming Pool,  , Free Wifi,  ,  ,  , Children activities,  , Atm onsite,  , Parkinglot, Television, Doublebed, Twinbed, Airconditioner, Bathroom,  , Refrigerator,  "
Tokuma Hotel,Adama,4,"$1,884.00",Restaurant, , , , , , , ,Swimming Pool,Free Cancellation,Free Wifi,Gym, , ,Children activities, , ,Laundryservice,Parkinglot,Television,Doublebed,Twinbed, ,Bathroom, ,Refrigerator, ,"Restaurant,  ,  ,  ,  ,  ,  ,  , Swimming Pool, Free Cancellation, Free Wifi, Gym,  ,  , Children activities,  ,  , Laundryservice, Parkinglot, Television, Doublebed, Twinbed,  , Bathroom,  , Refrigerator,  "
Adama German Hotel,Adama,4,"$2,880.00",Restaurant, , , , , , , ,Swimming Pool, ,Free Wifi, , , ,Children activities,Freetaxiservice, ,Laundryservice,Parkinglot,Television, , , ,Bathroom, , , ,"Restaurant,  ,  ,  ,  ,  ,  ,  , Swimming Pool,  , Free Wifi,  ,  ,  , Children activities, Freetaxiservice,  , Laundryservice, Parkinglot, Television,  ,  ,  , Bathroom,  ,  ,  "
Executive Hotel,Adama,2,"$1,500.00",Restaurant, , , , , , , ,Swimming Pool, , ,Gym, , ,Children activities, ,Atm onsite,Laundryservice,Parkinglot,Television,Doublebed, ,Airconditioner,Bathroom, , , ,"Restaurant,  ,  ,  ,  ,  ,  ,  , Swimming Pool,  ,  , Gym,  ,  , Children activities,  , Atm onsite, Laundryservice, Parkinglot, Television, Doublebed,  , Airconditioner, Bathroom,  ,  ,  "
Kereyu Hill Resort,Adama,4,"$2,700.00",Restaurant, , , , , , , ,Swimming Pool, ,Free Wifi, , ,Cctv camera,Children activities, , ,Laundryservice,Parkinglot,Television,Doublebed,Twinbed, ,Bathroom, , , ,"Restaurant,  ,  ,  ,  ,  ,  ,  , Swimming Pool,  , Free Wifi,  ,  , Cctv camera, Children activities,  ,  , Laundryservice, Parkinglot, Television, Doublebed, Twinbed,  , Bathroom,  ,  ,  "
Rift Valley Hotel,Adama,4,"$3,240.00",Restaurant, , , , , , , ,Swimming Pool, ,Free Wifi, , , ,Children activities, , ,Laundryservice,Parkinglot,Television,Doublebed,Twinbed, ,Bathroom, , , ,"Restaurant,  ,  ,  ,  ,  ,  ,  , Swimming Pool,  , Free Wifi,  ,  ,  , Children activities,  ,  , Laundryservice, Parkinglot, Television, Doublebed, Twinbed,  , Bathroom,  ,  ,  "
Dallol Hotel,Adama,4,"$1,984.00",Restaurant, , , , , , , , , ,Free Wifi, , , ,Children activities, , , ,Parkinglot,Television,Doublebed, , ,Bathroom, , , ,"Restaurant,  ,  ,  ,  ,  ,  ,  ,  ,  , Free Wifi,  ,  ,  , Children activities,  ,  ,  , Parkinglot, Television, Doublebed,  ,  , Bathroom,  ,  ,  "
Ayu International Hotel,Adama,3,"$1,600.00",Restaurant, , , , , , , , , ,Free Wifi, , , ,Children activities, , , ,Parkinglot,Television,Doublebed, , ,Bathroom, , , ,"Restaurant,  ,  ,  ,  ,  ,  ,  ,  ,  , Free Wifi,  ,  ,  , Children activities,  ,  ,  , Parkinglot, Television, Doublebed,  ,  , Bathroom,  ,  ,  "
Sumeya Hotel,Harar,5,"$1,130.00",Restaurant,Free Breakfast, , , , , , , ,Free Cancellation,Free Wifi, , , ,Children activities,Freetaxiservice,Atm onsite,Laundryservice,Parkinglot,Television, , ,Airconditioner,Bathroom, , , ,"Restaurant, Free Breakfast,  ,  ,  ,  ,  ,  ,  , Free Cancellation, Free Wifi,  ,  ,  , Children activities, Freetaxiservice, Atm onsite, Laundryservice, Parkinglot, Television,  ,  , Airconditioner, Bathroom,  ,  ,  "
Winta Hotel,Harar,4,"$1,265.00",Restaurant,Free Breakfast, , , , , , , ,Free Cancellation,Free Wifi, , , , , , , ,Parkinglot,Television,Doublebed, , ,Bathroom, , , ,"Restaurant, Free Breakfast,  ,  ,  ,  ,  ,  ,  , Free Cancellation, Free Wifi,  ,  ,  ,  ,  ,  ,  , Parkinglot, Television, Doublebed,  ,  , Bathroom,  ,  ,  "
Wonderland Hotel,Harar,3,"$1,300.00",Restaurant, , , , , , , , , ,Free Wifi, , , ,Children activities, , , ,Parkinglot,Television,Doublebed,Twinbed, ,Bathroom,Telephone, , ,"Restaurant,  ,  ,  ,  ,  ,  ,  ,  ,  , Free Wifi,  ,  ,  , Children activities,  ,  ,  , Parkinglot, Television, Doublebed, Twinbed,  , Bathroom, Telephone,  ,  "
Harar Ras Hotel,Harar,3,"$1,190.00",Restaurant,Free Breakfast, , , , , , , , ,Free Wifi, , , ,Children activities, , , ,Parkinglot,Television,Doublebed, , ,Bathroom, , , ,"Restaurant, Free Breakfast,  ,  ,  ,  ,  ,  ,  ,  , Free Wifi,  ,  ,  , Children activities,  ,  ,  , Parkinglot, Television, Doublebed,  ,  , Bathroom,  ,  ,  "
Heritage Plaza  Hotel,Harar,2,"$1,100.00",Restaurant,Free Breakfast, , , , , , , , ,Free Wifi, , , , , , ,Laundryservice,Parkinglot,Television,Doublebed, , ,Bathroom, , , ,"Restaurant, Free Breakfast,  ,  ,  ,  ,  ,  ,  ,  , Free Wifi,  ,  ,  ,  ,  ,  , Laundryservice, Parkinglot, Television, Doublebed,  ,  , Bathroom,  ,  ,  "
Rewda Waber Harari Cultural Guest House,Harar,4,$900.00,Restaurant,Free Breakfast, , , , , , , , ,Free Wifi, , , , , , , ,Parkinglot,Television,Doublebed, , ,Bathroom, , , ,"Restaurant, Free Breakfast,  ,  ,  ,  ,  ,  ,  ,  , Free Wifi,  ,  ,  ,  ,  ,  ,  , Parkinglot, Television, Doublebed,  ,  , Bathroom,  ,  ,  "
African Village,Dire Dawa,5,"$2,700.00",Restaurant,Free Breakfast, , , , , , , , ,Free Wifi, , , ,Children activities,Freetaxiservice, , ,Parkinglot,Television,Doublebed,Twinbed, ,Bathroom, , , ,"Restaurant, Free Breakfast,  ,  ,  ,  ,  ,  ,  ,  , Free Wifi,  ,  ,  , Children activities, Freetaxiservice,  ,  , Parkinglot, Television, Doublebed, Twinbed,  , Bathroom,  ,  ,  "
Samrat Hotel,Dire Dawa,4,"$1,500.00",Restaurant,Free Breakfast, , , , , , ,Swimming Pool, ,Free Wifi, , ,Cctv camera,Children activities,Freetaxiservice, , ,Parkinglot,Television,Doublebed,Twinbed,Airconditioner,Bathroom, , , ,"Restaurant, Free Breakfast,  ,  ,  ,  ,  ,  , Swimming Pool,  , Free Wifi,  ,  , Cctv camera, Children activities, Freetaxiservice,  ,  , Parkinglot, Television, Doublebed, Twinbed, Airconditioner, Bathroom,  ,  ,  "
Siesta Hotel,Dire Dawa,4,"$1,556.00",Restaurant,Free Breakfast, , , , , , ,Swimming Pool, ,Free Wifi, , ,Cctv camera,Children activities,Freetaxiservice, , ,Parkinglot,Television,Doublebed, , ,Bathroom, , , ,"Restaurant, Free Breakfast,  ,  ,  ,  ,  ,  , Swimming Pool,  , Free Wifi,  ,  , Cctv camera, Children activities, Freetaxiservice,  ,  , Parkinglot, Television, Doublebed,  ,  , Bathroom,  ,  ,  "
Grand Triangle Hotel,Dire Dawa,3,"$1,434.00",Restaurant,Free Breakfast, , , , , , ,Swimming Pool, ,Free Wifi,Gym, ,Cctv camera,Children activities, , , ,Parkinglot,Television,Doublebed,Twinbed,Airconditioner,Bathroom, , , ,"Restaurant, Free Breakfast,  ,  ,  ,  ,  ,  , Swimming Pool,  , Free Wifi, Gym,  , Cctv camera, Children activities,  ,  ,  , Parkinglot, Television, Doublebed, Twinbed, Airconditioner, Bathroom,  ,  ,  "
Mm Hotel,Dire Dawa,4,"$1,345.00",Restaurant, , , , , , , , , ,Free Wifi, , , ,Children activities, , ,Laundryservice,Parkinglot,Television,Doublebed, ,Airconditioner,Bathroom, , , ,"Restaurant,  ,  ,  ,  ,  ,  ,  ,  ,  , Free Wifi,  ,  ,  , Children activities,  ,  , Laundryservice, Parkinglot, Television, Doublebed,  , Airconditioner, Bathroom,  ,  ,  "
Ma Hotel,Dire Dawa,4,"$1,345.00",Restaurant, , , , , , , ,Swimming Pool, ,Free Wifi, , ,Cctv camera,Children activities, , , ,Parkinglot,Television,Doublebed,Twinbed,Airconditioner,Bathroom,Telephone, , ,"Restaurant,  ,  ,  ,  ,  ,  ,  , Swimming Pool,  , Free Wifi,  ,  , Cctv camera, Children activities,  ,  ,  , Parkinglot, Television, Doublebed, Twinbed, Airconditioner, Bathroom, Telephone,  ,  "
Sarbia Hotel And Resort,Dire Dawa,4,"$1,700.00",Restaurant, , , , , , , , , ,Free Wifi, , , , , , ,Laundryservice,Parkinglot,Television,Doublebed, ,Airconditioner,Bathroom, ,Refrigerator, ,"Restaurant,  ,  ,  ,  ,  ,  ,  ,  ,  , Free Wifi,  ,  ,  ,  ,  ,  , Laundryservice, Parkinglot, Television, Doublebed,  , Airconditioner, Bathroom,  , Refrigerator,  "
Haile Resort Gondar,Gondar,4,"$2,447.00",Restaurant, , , , , , ,Board Games,Swimming Pool, ,Free Wifi, , , ,Children activities, , ,Laundryservice,Parkinglot,Television,Doublebed, , ,Bathroom,Telephone, , ,"Restaurant,  ,  ,  ,  ,  ,  , Board Games, Swimming Pool,  , Free Wifi,  ,  ,  , Children activities,  ,  , Laundryservice, Parkinglot, Television, Doublebed,  ,  , Bathroom, Telephone,  ,  "
Ag Hotel Gondar,Gondar,4,"$1,758.00",Restaurant,Free Breakfast, , , , , , , , ,Free Wifi,Gym, , ,Children activities,Freetaxiservice,Atm onsite,Laundryservice,Parkinglot,Television,Doublebed,Twinbed,Airconditioner,Bathroom, , , ,"Restaurant, Free Breakfast,  ,  ,  ,  ,  ,  ,  ,  , Free Wifi, Gym,  ,  , Children activities, Freetaxiservice, Atm onsite, Laundryservice, Parkinglot, Television, Doublebed, Twinbed, Airconditioner, Bathroom,  ,  ,  "
Goha Hotel,Gondar,3,"$1,500.00",Restaurant,Free Breakfast, , , , ,Bicycle Riding, ,Swimming Pool, ,Free Wifi, , ,Cctv camera, , , ,Laundryservice,Parkinglot,Television,Doublebed,Twinbed,Airconditioner,Bathroom, , , ,"Restaurant, Free Breakfast,  ,  ,  ,  , Bicycle Riding,  , Swimming Pool,  , Free Wifi,  ,  , Cctv camera,  ,  ,  , Laundryservice, Parkinglot, Television, Doublebed, Twinbed, Airconditioner, Bathroom,  ,  ,  "
Taye Belay Hotel,Gondar,3,"$3,675.00",Restaurant,Free Breakfast, , , , , , , ,Free Cancellation,Free Wifi, , , , , , ,Laundryservice,Parkinglot,Television,Doublebed,Twinbed,Airconditioner,Bathroom,Telephone,Refrigerator,Showerchair,"Restaurant, Free Breakfast,  ,  ,  ,  ,  ,  ,  , Free Cancellation, Free Wifi,  ,  ,  ,  ,  ,  , Laundryservice, Parkinglot, Television, Doublebed, Twinbed, Airconditioner, Bathroom, Telephone, Refrigerator, Showerchair"
Florida International Hotel,Gondar,4,"$2,700.00",Restaurant,Free Breakfast,Pizza, , , , , ,Swimming Pool, ,Free Wifi,Gym, ,Cctv camera,Children activities,Freetaxiservice, ,Laundryservice,Parkinglot,Television,Doublebed,Twinbed, ,Bathroom,Telephone,Refrigerator, ,"Restaurant, Free Breakfast, Pizza,  ,  ,  ,  ,  , Swimming Pool,  , Free Wifi, Gym,  , Cctv camera, Children activities, Freetaxiservice,  , Laundryservice, Parkinglot, Television, Doublebed, Twinbed,  , Bathroom, Telephone, Refrigerator,  "
Gondar Ethiopian Hotel,Gondar,5,"$1,500.00",Restaurant, , ,Burger, , , ,Board Games, , ,Free Wifi, , , , ,Freetaxiservice, , ,Parkinglot,Television,Doublebed, , ,Bathroom, , , ,"Restaurant,  ,  , Burger,  ,  ,  , Board Games,  ,  , Free Wifi,  ,  ,  ,  , Freetaxiservice,  ,  , Parkinglot, Television, Doublebed,  ,  , Bathroom,  ,  ,  "
Gondar Landmark Hotel,Gondar,3,"$1,200.00",Restaurant,Free Breakfast, , , , , , , , ,Free Wifi, , , ,Children activities, , ,Laundryservice,Parkinglot,Television,Doublebed,Twinbed,Airconditioner,Bathroom,Telephone, , ,"Restaurant, Free Breakfast,  ,  ,  ,  ,  ,  ,  ,  , Free Wifi,  ,  ,  , Children activities,  ,  , Laundryservice, Parkinglot, Television, Doublebed, Twinbed, Airconditioner, Bathroom, Telephone,  ,  "
Jantekel Hotel,Gondar,4,$990.00,Restaurant,Free Breakfast, ,Burger, , ,Bicycle Riding, , ,Free Cancellation, ,Gym, , ,Children activities,Freetaxiservice, , ,Parkinglot, ,Doublebed,Twinbed,Airconditioner,Bathroom, , , ,"Restaurant, Free Breakfast,  , Burger,  ,  , Bicycle Riding,  ,  , Free Cancellation,  , Gym,  ,  , Children activities, Freetaxiservice,  ,  , Parkinglot,  , Doublebed, Twinbed, Airconditioner, Bathroom,  ,  ,  "
Gondar Plaza Hotel,Gondar,4,"$2,568.00",Restaurant, ,Pizza,Burger, , ,Bicycle Riding,Board Games,Swimming Pool,Free Cancellation,Free Wifi, , , ,Children activities,Freetaxiservice, ,Laundryservice,Parkinglot,Television, ,Twinbed,Airconditioner,Bathroom,Telephone,Refrigerator, ,"Restaurant,  , Pizza, Burger,  ,  , Bicycle Riding, Board Games, Swimming Pool, Free Cancellation, Free Wifi,  ,  ,  , Children activities, Freetaxiservice,  , Laundryservice, Parkinglot, Television,  , Twinbed, Airconditioner, Bathroom, Telephone, Refrigerator,  "
Gondar Backpackers,Gondar,2,$616.00,Restaurant, ,Pizza, , , , , ,Swimming Pool,Free Cancellation,Free Wifi,Gym, , ,Children activities,Freetaxiservice, ,Laundryservice,Parkinglot,Television, ,Twinbed,Airconditioner,Bathroom, , , ,"Restaurant,  , Pizza,  ,  ,  ,  ,  , Swimming Pool, Free Cancellation, Free Wifi, Gym,  ,  , Children activities, Freetaxiservice,  , Laundryservice, Parkinglot, Television,  , Twinbed, Airconditioner, Bathroom,  ,  ,  "
Addis Amba Hotel,Bahirdar,5,"$1,838.00",Restaurant,Free Breakfast,Pizza,Burger,Table Tennis,Horseback Riding,Bicycle Riding,Board Games,Swimming Pool,Free Cancellation,Free Wifi,Gym,Playstation,Cctv camera,Children activities,Freetaxiservice,Atm onsite,Laundryservice,Parkinglot,Television,Doublebed,Twinbed,Airconditioner,Bathroom,Telephone,Refrigerator,Showerchair,"Restaurant, Free Breakfast, Pizza, Burger, Table Tennis, Horseback Riding, Bicycle Riding, Board Games, Swimming Pool, Free Cancellation, Free Wifi, Gym, Playstation, Cctv camera, Children activities, Freetaxiservice, Atm onsite, Laundryservice, Parkinglot, Television, Doublebed, Twinbed, Airconditioner, Bathroom, Telephone, Refrigerator, Showerchair"
Wynn Hotel,Bahirdar,4,$851.00,Restaurant,Free Breakfast, , , , , ,Board Games, ,Free Cancellation,Free Wifi, , , ,Children activities,Freetaxiservice,Atm onsite,Laundryservice,Parkinglot, ,Doublebed,Twinbed,Airconditioner,Bathroom,Telephone,Refrigerator,Showerchair,"Restaurant, Free Breakfast,  ,  ,  ,  ,  , Board Games,  , Free Cancellation, Free Wifi,  ,  ,  , Children activities, Freetaxiservice, Atm onsite, Laundryservice, Parkinglot,  , Doublebed, Twinbed, Airconditioner, Bathroom, Telephone, Refrigerator, Showerchair"
B&B The Annex,Bahirdar,4,$473.00,Restaurant,Free Breakfast,Pizza, , , , ,Board Games,Swimming Pool,Free Cancellation,Free Wifi, , , , , ,Atm onsite,Laundryservice,Parkinglot,Television,Doublebed,Twinbed, ,Bathroom, , , ,"Restaurant, Free Breakfast, Pizza,  ,  ,  ,  , Board Games, Swimming Pool, Free Cancellation, Free Wifi,  ,  ,  ,  ,  , Atm onsite, Laundryservice, Parkinglot, Television, Doublebed, Twinbed,  , Bathroom,  ,  ,  "
Teferi Mokonnen Hotel,Bahirdar,5,"$1,270.00",Restaurant,Free Breakfast,Pizza,Burger, , , , , ,Free Cancellation,Free Wifi, , , , , , ,Laundryservice,Parkinglot,Television,Doublebed,Twinbed, ,Bathroom,Telephone,Refrigerator, ,"Restaurant, Free Breakfast, Pizza, Burger,  ,  ,  ,  ,  , Free Cancellation, Free Wifi,  ,  ,  ,  ,  ,  , Laundryservice, Parkinglot, Television, Doublebed, Twinbed,  , Bathroom, Telephone, Refrigerator,  "
Blue Nile Resort,Bahirdar,4,"$3,570.00",Restaurant,Free Breakfast, , ,Table Tennis, , , ,Swimming Pool,Free Cancellation,Free Wifi,Gym, , , , , ,Laundryservice,Parkinglot,Television, ,Twinbed,Airconditioner,Bathroom,Telephone,Refrigerator,Showerchair,"Restaurant, Free Breakfast,  ,  , Table Tennis,  ,  ,  , Swimming Pool, Free Cancellation, Free Wifi, Gym,  ,  ,  ,  ,  , Laundryservice, Parkinglot, Television,  , Twinbed, Airconditioner, Bathroom, Telephone, Refrigerator, Showerchair"
Jacaranda Hotel,Bahirdar,4,"$1,300.00",Restaurant,Free Breakfast,Pizza,Burger,Table Tennis, ,Bicycle Riding,Board Games,Swimming Pool,Free Cancellation,Free Wifi,Gym,Playstation,Cctv camera,Children activities,Freetaxiservice,Atm onsite,Laundryservice,Parkinglot,Television,Doublebed,Twinbed,Airconditioner,Bathroom,Telephone,Refrigerator,Showerchair,"Restaurant, Free Breakfast, Pizza, Burger, Table Tennis,  , Bicycle Riding, Board Games, Swimming Pool, Free Cancellation, Free Wifi, Gym, Playstation, Cctv camera, Children activities, Freetaxiservice, Atm onsite, Laundryservice, Parkinglot, Television, Doublebed, Twinbed, Airconditioner, Bathroom, Telephone, Refrigerator, Showerchair"
Delano Hotel & Spa,Bahirdar,5,"$1,544.00",Restaurant,Free Breakfast, ,Burger, ,Horseback Riding,Bicycle Riding, , ,Free Cancellation,Free Wifi,Gym, ,Cctv camera,Children activities,Freetaxiservice, ,Laundryservice,Parkinglot,Television,Doublebed,Twinbed,Airconditioner,Bathroom,Telephone,Refrigerator,Showerchair,"Restaurant, Free Breakfast,  , Burger,  , Horseback Riding, Bicycle Riding,  ,  , Free Cancellation, Free Wifi, Gym,  , Cctv camera, Children activities, Freetaxiservice,  , Laundryservice, Parkinglot, Television, Doublebed, Twinbed, Airconditioner, Bathroom, Telephone, Refrigerator, Showerchair"
Water Front Hotel,Bahirdar,3,$851.00,Restaurant,Free Breakfast, , , , , , , , ,Free Wifi,Gym, ,Cctv camera,Children activities,Freetaxiservice,Atm onsite,Laundryservice,Parkinglot,Television,Doublebed,Twinbed,Airconditioner,Bathroom,Telephone,Refrigerator,Showerchair,"Restaurant, Free Breakfast,  ,  ,  ,  ,  ,  ,  ,  , Free Wifi, Gym,  , Cctv camera, Children activities, Freetaxiservice, Atm onsite, Laundryservice, Parkinglot, Television, Doublebed, Twinbed, Airconditioner, Bathroom, Telephone, Refrigerator, Showerchair"
Rahnile Hotel,Bahirdar,4,$894.00,Restaurant,Free Breakfast, ,Burger, , , ,Board Games,Swimming Pool,Free Cancellation,Free Wifi, , , ,Children activities,Freetaxiservice,Atm onsite,Laundryservice,Parkinglot,Television,Doublebed,Twinbed,Airconditioner,Bathroom,Telephone,Refrigerator, ,"Restaurant, Free Breakfast,  , Burger,  ,  ,  , Board Games, Swimming Pool, Free Cancellation, Free Wifi,  ,  ,  , Children activities, Freetaxiservice, Atm onsite, Laundryservice, Parkinglot, Television, Doublebed, Twinbed, Airconditioner, Bathroom, Telephone, Refrigerator,  "
Lakemark Hotel,Bahirdar,4,$808.00,Restaurant,Free Breakfast, , , , , , , , ,Free Wifi, , , ,Children activities,Freetaxiservice, ,Laundryservice,Parkinglot,Television,Doublebed,Twinbed,Airconditioner,Bathroom, , ,Showerchair,"Restaurant, Free Breakfast,  ,  ,  ,  ,  ,  ,  ,  , Free Wifi,  ,  ,  , Children activities, Freetaxiservice,  , Laundryservice, Parkinglot, Television, Doublebed, Twinbed, Airconditioner, Bathroom,  ,  , Showerchair"
Getva Hotel,Debre Berhan,3,$700.00,Restaurant, , , , , , , , , ,Free Wifi,Gym,Playstation,Cctv camera,Children activities, , ,Laundryservice,Parkinglot,Television,Doublebed,Twinbed,Airconditioner,Bathroom, , , ,"Restaurant,  ,  ,  ,  ,  ,  ,  ,  ,  , Free Wifi, Gym, Playstation, Cctv camera, Children activities,  ,  , Laundryservice, Parkinglot, Television, Doublebed, Twinbed, Airconditioner, Bathroom,  ,  ,  "
Eva Hotel,Debre Berhan,3,$670.00,Restaurant,Free Breakfast, , ,Table Tennis,Horseback Riding, , ,Swimming Pool,Free Cancellation,Free Wifi,Gym, , , ,Freetaxiservice,Atm onsite,Laundryservice, , ,Doublebed,Twinbed,Airconditioner,Bathroom, , , ,"Restaurant, Free Breakfast,  ,  , Table Tennis, Horseback Riding,  ,  , Swimming Pool, Free Cancellation, Free Wifi, Gym,  ,  ,  , Freetaxiservice, Atm onsite, Laundryservice,  ,  , Doublebed, Twinbed, Airconditioner, Bathroom,  ,  ,  "
Hiwot Hotel,Debre Berhan,3,$400.00,Restaurant, , , , , ,Bicycle Riding, , ,Free Cancellation,Free Wifi,Gym, , ,Children activities,Freetaxiservice, , , ,Television,Doublebed,Twinbed,Airconditioner,Bathroom, , , ,"Restaurant,  ,  ,  ,  ,  , Bicycle Riding,  ,  , Free Cancellation, Free Wifi, Gym,  ,  , Children activities, Freetaxiservice,  ,  ,  , Television, Doublebed, Twinbed, Airconditioner, Bathroom,  ,  ,  "
Ancient Lalibela Hotel,Lalibela,5,"$1,370.00",Restaurant,Free Breakfast,Pizza,Burger, , , , , ,Free Cancellation,Free Wifi,Gym,Playstation, ,Children activities,Freetaxiservice,Atm onsite,Laundryservice, ,Television,Doublebed,Twinbed, ,Bathroom, , , ,"Restaurant, Free Breakfast, Pizza, Burger,  ,  ,  ,  ,  , Free Cancellation, Free Wifi, Gym, Playstation,  , Children activities, Freetaxiservice, Atm onsite, Laundryservice,  , Television, Doublebed, Twinbed,  , Bathroom,  ,  ,  "
Merkeza Hotel,Lalibela,5,"$1,096.00",Restaurant,Free Breakfast, , , , ,Bicycle Riding,Board Games, ,Free Cancellation,Free Wifi, , , ,Children activities, , , ,Parkinglot,Television,Doublebed,Twinbed, ,Bathroom,Telephone, , ,"Restaurant, Free Breakfast,  ,  ,  ,  , Bicycle Riding, Board Games,  , Free Cancellation, Free Wifi,  ,  ,  , Children activities,  ,  ,  , Parkinglot, Television, Doublebed, Twinbed,  , Bathroom, Telephone,  ,  "
Lal Hotel & Spa,Lalibela,4,"$1,541.00",Restaurant, , ,Burger, , , , ,Swimming Pool,Free Cancellation,Free Wifi,Gym,Playstation,Cctv camera, ,Freetaxiservice, ,Laundryservice,Parkinglot,Television,Doublebed,Twinbed, ,Bathroom,Telephone,Refrigerator, ,"Restaurant,  ,  , Burger,  ,  ,  ,  , Swimming Pool, Free Cancellation, Free Wifi, Gym, Playstation, Cctv camera,  , Freetaxiservice,  , Laundryservice, Parkinglot, Television, Doublebed, Twinbed,  , Bathroom, Telephone, Refrigerator,  "
Holidays Hotel,Lalibela,4,"$1,232.00",Restaurant,Free Breakfast,Pizza,Burger, , , ,Board Games, ,Free Cancellation,Free Wifi,Gym, , ,Children activities, , ,Laundryservice,Parkinglot,Television,Doublebed,Twinbed,Airconditioner,Bathroom,Telephone, ,Showerchair,"Restaurant, Free Breakfast, Pizza, Burger,  ,  ,  , Board Games,  , Free Cancellation, Free Wifi, Gym,  ,  , Children activities,  ,  , Laundryservice, Parkinglot, Television, Doublebed, Twinbed, Airconditioner, Bathroom, Telephone,  , Showerchair"
Honey Land Hotel,Lalibela,4,"$1,410.00",Restaurant,Free Breakfast, , , , , , ,Swimming Pool,Free Cancellation,Free Wifi, , , ,Children activities,Freetaxiservice,Atm onsite,Laundryservice,Parkinglot, ,Doublebed,Twinbed,Airconditioner,Bathroom,Telephone,Refrigerator, ,"Restaurant, Free Breakfast,  ,  ,  ,  ,  ,  , Swimming Pool, Free Cancellation, Free Wifi,  ,  ,  , Children activities, Freetaxiservice, Atm onsite, Laundryservice, Parkinglot,  , Doublebed, Twinbed, Airconditioner, Bathroom, Telephone, Refrigerator,  "
Top Twelve Hotel,Lalibela,4,"$1,187.00",Restaurant,Free Breakfast, , , , , ,Board Games,Swimming Pool,Free Cancellation,Free Wifi, , ,Cctv camera,Children activities, , ,Laundryservice,Parkinglot, ,Doublebed,Twinbed, ,Bathroom, , , ,"Restaurant, Free Breakfast,  ,  ,  ,  ,  , Board Games, Swimming Pool, Free Cancellation, Free Wifi,  ,  , Cctv camera, Children activities,  ,  , Laundryservice, Parkinglot,  , Doublebed, Twinbed,  , Bathroom,  ,  ,  "
Sunny Side International Hotel,Kombolcha,2,$500.00,Restaurant, , , , , , , , , ,Free Wifi, , , ,Children activities, , , ,Parkinglot,Television,Doublebed,Twinbed,Airconditioner,Bathroom, ,Refrigerator, ,"Restaurant,  ,  ,  ,  ,  ,  ,  ,  ,  , Free Wifi,  ,  ,  , Children activities,  ,  ,  , Parkinglot, Television, Doublebed, Twinbed, Airconditioner, Bathroom,  , Refrigerator,  "
Yegofe View Hotel,Kombolcha,4,$700.00,Restaurant,Free Breakfast,Pizza,Burger, , , , ,Swimming Pool,Free Cancellation,Free Wifi, , , ,Children activities,Freetaxiservice, ,Laundryservice,Parkinglot, ,Doublebed,Twinbed,Airconditioner,Bathroom, ,Refrigerator,Showerchair,"Restaurant, Free Breakfast, Pizza, Burger,  ,  ,  ,  , Swimming Pool, Free Cancellation, Free Wifi,  ,  ,  , Children activities, Freetaxiservice,  , Laundryservice, Parkinglot,  , Doublebed, Twinbed, Airconditioner, Bathroom,  , Refrigerator, Showerchair"
Golden Gate Hotel,Dessie,3,$650.00,Restaurant,Free Breakfast, , , , , , , ,Free Cancellation,Free Wifi,Gym, , ,Children activities, , ,Laundryservice,Parkinglot,Television,Doublebed,Twinbed,Airconditioner,Bathroom, , ,Showerchair,"Restaurant, Free Breakfast,  ,  ,  ,  ,  ,  ,  , Free Cancellation, Free Wifi, Gym,  ,  , Children activities,  ,  , Laundryservice, Parkinglot, Television, Doublebed, Twinbed, Airconditioner, Bathroom,  ,  , Showerchair"
Hotel Time & Spa,Dessie,4,$500.00,Restaurant, , , , , , , , ,Free Cancellation,Free Wifi, , , ,Children activities,Freetaxiservice,Atm onsite,Laundryservice,Parkinglot, , ,Twinbed,Airconditioner,Bathroom, ,Refrigerator, ,"Restaurant,  ,  ,  ,  ,  ,  ,  ,  , Free Cancellation, Free Wifi,  ,  ,  , Children activities, Freetaxiservice, Atm onsite, Laundryservice, Parkinglot,  ,  , Twinbed, Airconditioner, Bathroom,  , Refrigerator,  "
Melbourne Hotel,Dessie,3,$860.00,Restaurant,Free Breakfast,Pizza,Burger,Table Tennis, , , ,Swimming Pool,Free Cancellation,Free Wifi,Gym,Playstation,Cctv camera, , , ,Laundryservice,Parkinglot,Television,Doublebed,Twinbed,Airconditioner,Bathroom,Telephone,Refrigerator,Showerchair,"Restaurant, Free Breakfast, Pizza, Burger, Table Tennis,  ,  ,  , Swimming Pool, Free Cancellation, Free Wifi, Gym, Playstation, Cctv camera,  ,  ,  , Laundryservice, Parkinglot, Television, Doublebed, Twinbed, Airconditioner, Bathroom, Telephone, Refrigerator, Showerchair"
Fm International Hotel,Debre Markos,2,$450.00,Restaurant, , , ,Table Tennis,Horseback Riding,Bicycle Riding, , ,Free Cancellation,Free Wifi, , , ,Children activities,Freetaxiservice, ,Laundryservice,Parkinglot,Television,Doublebed,Twinbed, ,Bathroom,Telephone, , ,"Restaurant,  ,  ,  , Table Tennis, Horseback Riding, Bicycle Riding,  ,  , Free Cancellation, Free Wifi,  ,  ,  , Children activities, Freetaxiservice,  , Laundryservice, Parkinglot, Television, Doublebed, Twinbed,  , Bathroom, Telephone,  ,  "
Gozamen Hotel,Debre Markos,3,$770.00,Restaurant,Free Breakfast,Pizza,Burger, , , ,Board Games,Swimming Pool,Free Cancellation,Free Wifi,Gym, ,Cctv camera,Children activities,Freetaxiservice,Atm onsite,Laundryservice,Parkinglot,Television,Doublebed,Twinbed,Airconditioner,Bathroom,Telephone,Refrigerator,Showerchair,"Restaurant, Free Breakfast, Pizza, Burger,  ,  ,  , Board Games, Swimming Pool, Free Cancellation, Free Wifi, Gym,  , Cctv camera, Children activities, Freetaxiservice, Atm onsite, Laundryservice, Parkinglot, Television, Doublebed, Twinbed, Airconditioner, Bathroom, Telephone, Refrigerator, Showerchair"
Paradise Hotel,Debre Markos,4,$800.00,Restaurant,Free Breakfast, ,Burger,Table Tennis, , ,Board Games,Swimming Pool,Free Cancellation,Free Wifi,Gym,Playstation,Cctv camera,Children activities, , ,Laundryservice,Parkinglot,Television,Doublebed,Twinbed,Airconditioner,Bathroom,Telephone,Refrigerator,Showerchair,"Restaurant, Free Breakfast,  , Burger, Table Tennis,  ,  , Board Games, Swimming Pool, Free Cancellation, Free Wifi, Gym, Playstation, Cctv camera, Children activities,  ,  , Laundryservice, Parkinglot, Television, Doublebed, Twinbed, Airconditioner, Bathroom, Telephone, Refrigerator, Showerchair"
Bamboo Paradise Hotel,Asosa,3,$60.00,Restaurant, , , , , , , , , ,Free Wifi, , , ,Children activities, , , ,Parkinglot,Television,Doublebed,Twinbed, ,Bathroom,Telephone,Refrigerator,Showerchair,"Restaurant,  ,  ,  ,  ,  ,  ,  ,  ,  , Free Wifi,  ,  ,  , Children activities,  ,  ,  , Parkinglot, Television, Doublebed, Twinbed,  , Bathroom, Telephone, Refrigerator, Showerchair"
Blendana Hotel,Asosa,4,$70.00,Restaurant, , , , ,Horseback Riding,Bicycle Riding, ,Swimming Pool, ,Free Wifi, , , ,Children activities, , , ,Parkinglot, ,Doublebed,Twinbed,Airconditioner,Bathroom, , ,Showerchair,"Restaurant,  ,  ,  ,  , Horseback Riding, Bicycle Riding,  , Swimming Pool,  , Free Wifi,  ,  ,  , Children activities,  ,  ,  , Parkinglot,  , Doublebed, Twinbed, Airconditioner, Bathroom,  ,  , Showerchair"
Semhal Hotel,Asosa,2,$500.00,Restaurant, , ,Burger, , , ,Board Games,Swimming Pool,Free Cancellation,Free Wifi, ,Playstation, ,Children activities, , , ,Parkinglot,Television,Doublebed,Twinbed, ,Bathroom,Telephone,Refrigerator, ,"Restaurant,  ,  , Burger,  ,  ,  , Board Games, Swimming Pool, Free Cancellation, Free Wifi,  , Playstation,  , Children activities,  ,  ,  , Parkinglot, Television, Doublebed, Twinbed,  , Bathroom, Telephone, Refrigerator,  "
Baro Gambela Hotel,Gambela,3,$400.00,Restaurant, , ,Burger, , , , ,Swimming Pool, ,Free Wifi,Gym,Playstation, ,Children activities, , , ,Parkinglot, ,Doublebed,Twinbed,Airconditioner,Bathroom,Telephone,Refrigerator,Showerchair,"Restaurant,  ,  , Burger,  ,  ,  ,  , Swimming Pool,  , Free Wifi, Gym, Playstation,  , Children activities,  ,  ,  , Parkinglot,  , Doublebed, Twinbed, Airconditioner, Bathroom, Telephone, Refrigerator, Showerchair"
Giwa Hotel,Gambela,3,$600.00,Restaurant,Free Breakfast,Pizza,Burger, , , , ,Swimming Pool,Free Cancellation,Free Wifi, , , ,Children activities,Freetaxiservice,Atm onsite,Laundryservice,Parkinglot,Television,Doublebed,Twinbed,Airconditioner,Bathroom, , , ,"Restaurant, Free Breakfast, Pizza, Burger,  ,  ,  ,  , Swimming Pool, Free Cancellation, Free Wifi,  ,  ,  , Children activities, Freetaxiservice, Atm onsite, Laundryservice, Parkinglot, Television, Doublebed, Twinbed, Airconditioner, Bathroom,  ,  ,  "
Agape Lodge,Ciroo,3,$400.00,Restaurant, ,Pizza,Burger, , , ,Board Games,Swimming Pool,Free Cancellation,Free Wifi, , , ,Children activities, , , , ,Television,Doublebed,Twinbed,Airconditioner,Bathroom, , , ,"Restaurant,  , Pizza, Burger,  ,  ,  , Board Games, Swimming Pool, Free Cancellation, Free Wifi,  ,  ,  , Children activities,  ,  ,  ,  , Television, Doublebed, Twinbed, Airconditioner, Bathroom,  ,  ,  "
Kebsh International Lodge,Ciroo,4,$550.00,Restaurant, ,Pizza,Burger, , , , ,Swimming Pool, , , , , , , , , ,Parkinglot,Television,Doublebed, , , , , , ,"Restaurant,  , Pizza, Burger,  ,  ,  ,  , Swimming Pool,  ,  ,  ,  ,  ,  ,  ,  ,  , Parkinglot, Television, Doublebed,  ,  ,  ,  ,  ,  "
City Crown Hotel,Jijiga,4,$700.00,Restaurant,Free Breakfast,Pizza,Burger, , ,Bicycle Riding, ,Swimming Pool,Free Cancellation,Free Wifi,Gym, , ,Children activities,Freetaxiservice,Atm onsite,Laundryservice,Parkinglot,Television,Doublebed,Twinbed,Airconditioner,Bathroom,Telephone,Refrigerator,Showerchair,"Restaurant, Free Breakfast, Pizza, Burger,  ,  , Bicycle Riding,  , Swimming Pool, Free Cancellation, Free Wifi, Gym,  ,  , Children activities, Freetaxiservice, Atm onsite, Laundryservice, Parkinglot, Television, Doublebed, Twinbed, Airconditioner, Bathroom, Telephone, Refrigerator, Showerchair"
Hamda Hotel,Jijiga,3,$400.00,Restaurant, , , , , , , , , , ,Gym, , ,Children activities, , , ,Parkinglot, , ,Twinbed, ,Bathroom, ,Refrigerator, ,"Restaurant,  ,  ,  ,  ,  ,  ,  ,  ,  ,  , Gym,  ,  , Children activities,  ,  ,  , Parkinglot,  ,  , Twinbed,  , Bathroom,  , Refrigerator,  "
Zm International Hotel,Jijiga,4,$650.00,Restaurant,Free Breakfast,Pizza,Burger, , , , , , ,Free Wifi,Gym,Playstation, ,Children activities, ,Atm onsite,Laundryservice,Parkinglot, , , ,Airconditioner,Bathroom, , , ,"Restaurant, Free Breakfast, Pizza, Burger,  ,  ,  ,  ,  ,  , Free Wifi, Gym, Playstation,  , Children activities,  , Atm onsite, Laundryservice, Parkinglot,  ,  ,  , Airconditioner, Bathroom,  ,  ,  "
Agamos Hotel,Adigrat,4,$50.00,Restaurant, , ,Burger, , ,Bicycle Riding, ,Swimming Pool,Free Cancellation,Free Wifi,Gym,Playstation,Cctv camera,Children activities, ,Atm onsite,Laundryservice,Parkinglot,Television,Doublebed,Twinbed,Airconditioner,Bathroom,Telephone, ,Showerchair,"Restaurant,  ,  , Burger,  ,  , Bicycle Riding,  , Swimming Pool, Free Cancellation, Free Wifi, Gym, Playstation, Cctv camera, Children activities,  , Atm onsite, Laundryservice, Parkinglot, Television, Doublebed, Twinbed, Airconditioner, Bathroom, Telephone,  , Showerchair"
Agoro Lodge,Adigrat,4,$600.00,Restaurant, ,Pizza,Burger, ,Horseback Riding,Bicycle Riding, ,Swimming Pool,Free Cancellation,Free Wifi,Gym, , ,Children activities, , ,Laundryservice,Parkinglot,Television,Doublebed,Twinbed,Airconditioner,Bathroom,Telephone,Refrigerator,Showerchair,"Restaurant,  , Pizza, Burger,  , Horseback Riding, Bicycle Riding,  , Swimming Pool, Free Cancellation, Free Wifi, Gym,  ,  , Children activities,  ,  , Laundryservice, Parkinglot, Television, Doublebed, Twinbed, Airconditioner, Bathroom, Telephone, Refrigerator, Showerchair"
Canaan Hotel,Adigrat,4,"$1,232.00",Restaurant,Free Breakfast,Pizza,Burger,Table Tennis,Horseback Riding,Bicycle Riding,Board Games,Swimming Pool,Free Cancellation,Free Wifi,Gym,Playstation, ,Children activities, ,Atm onsite,Laundryservice,Parkinglot,Television,Doublebed,Twinbed,Airconditioner,Bathroom,Telephone,Refrigerator,Showerchair,"Restaurant, Free Breakfast, Pizza, Burger, Table Tennis, Horseback Riding, Bicycle Riding, Board Games, Swimming Pool, Free Cancellation, Free Wifi, Gym, Playstation,  , Children activities,  , Atm onsite, Laundryservice, Parkinglot, Television, Doublebed, Twinbed, Airconditioner, Bathroom, Telephone, Refrigerator, Showerchair"
Eve Hotel,Adigrat,3,$700.00,Restaurant,Free Breakfast, , , , , , ,Swimming Pool, ,Free Wifi, , , ,Children activities, ,Atm onsite, , , ,Doublebed,Twinbed,Airconditioner,Bathroom,Telephone,Refrigerator,Showerchair,"Restaurant, Free Breakfast,  ,  ,  ,  ,  ,  , Swimming Pool,  , Free Wifi,  ,  ,  , Children activities,  , Atm onsite,  ,  ,  , Doublebed, Twinbed, Airconditioner, Bathroom, Telephone, Refrigerator, Showerchair"
Gebreselassie Hotel,Adigrat,3,$650.00,Restaurant,Free Breakfast,Pizza, , , , , , , ,Free Wifi,Gym,Playstation, ,Children activities, , ,Laundryservice,Parkinglot, , ,Twinbed,Airconditioner,Bathroom,Telephone,Refrigerator,Showerchair,"Restaurant, Free Breakfast, Pizza,  ,  ,  ,  ,  ,  ,  , Free Wifi, Gym, Playstation,  , Children activities,  ,  , Laundryservice, Parkinglot,  ,  , Twinbed, Airconditioner, Bathroom, Telephone, Refrigerator, Showerchair"
Hohoma Hotel,Adigrat,3,$450.00,Restaurant, , , , , , ,Board Games, ,Free Cancellation,Free Wifi,Gym, , ,Children activities, , ,Laundryservice,Parkinglot,Television,Doublebed,Twinbed,Airconditioner,Bathroom, , , ,"Restaurant,  ,  ,  ,  ,  ,  , Board Games,  , Free Cancellation, Free Wifi, Gym,  ,  , Children activities,  ,  , Laundryservice, Parkinglot, Television, Doublebed, Twinbed, Airconditioner, Bathroom,  ,  ,  "
Meaza Hotel,Alamata,3,"$1,270.00",Restaurant,Free Breakfast, , , , , , , ,Free Cancellation,Free Wifi,Gym, , ,Children activities, , , ,Parkinglot, ,Doublebed,Twinbed,Airconditioner,Bathroom, , , ,"Restaurant, Free Breakfast,  ,  ,  ,  ,  ,  ,  , Free Cancellation, Free Wifi, Gym,  ,  , Children activities,  ,  ,  , Parkinglot,  , Doublebed, Twinbed, Airconditioner, Bathroom,  ,  ,  "
Raya Grand Resort Hotel,Alamata,4,$900.00,Restaurant,Free Breakfast, , , , ,Bicycle Riding,Board Games,Swimming Pool,Free Cancellation,Free Wifi,Gym, , , , , ,Laundryservice,Parkinglot, ,Doublebed,Twinbed,Airconditioner,Bathroom, , , ,"Restaurant, Free Breakfast,  ,  ,  ,  , Bicycle Riding, Board Games, Swimming Pool, Free Cancellation, Free Wifi, Gym,  ,  ,  ,  ,  , Laundryservice, Parkinglot,  , Doublebed, Twinbed, Airconditioner, Bathroom,  ,  ,  "
Gebar Sire Hotel,Shire,3,$750.00,Restaurant, , , , , , , , , ,Free Wifi, , , , , , , ,Parkinglot,Television,Doublebed, , ,Bathroom,Telephone, , ,"Restaurant,  ,  ,  ,  ,  ,  ,  ,  ,  , Free Wifi,  ,  ,  ,  ,  ,  ,  , Parkinglot, Television, Doublebed,  ,  , Bathroom, Telephone,  ,  "
Africa Hotel Shire,Shire,3,$650.00,Restaurant, , , , , , , , , ,Free Wifi, , ,Cctv camera,Children activities, ,Atm onsite,Laundryservice,Parkinglot,Television,Doublebed,Twinbed,Airconditioner,Bathroom, , ,Showerchair,"Restaurant,  ,  ,  ,  ,  ,  ,  ,  ,  , Free Wifi,  ,  , Cctv camera, Children activities,  , Atm onsite, Laundryservice, Parkinglot, Television, Doublebed, Twinbed, Airconditioner, Bathroom,  ,  , Showerchair"
Dejene Hotel And Spa,Shire,4,"$1,100.00",Restaurant,Free Breakfast,Pizza,Burger, , , ,Board Games, , , , , ,Cctv camera, , , , ,Parkinglot,Television,Doublebed,Twinbed,Airconditioner,Bathroom,Telephone, ,Showerchair,"Restaurant, Free Breakfast, Pizza, Burger,  ,  ,  , Board Games,  ,  ,  ,  ,  , Cctv camera,  ,  ,  ,  , Parkinglot, Television, Doublebed, Twinbed, Airconditioner, Bathroom, Telephone,  , Showerchair"
Hadas Hotel,Shire,2,$700.00,Restaurant,Free Breakfast, , , , , , , , ,Free Wifi, , , , , , , ,Parkinglot,Television,Doublebed,Twinbed, ,Bathroom, , , ,"Restaurant, Free Breakfast,  ,  ,  ,  ,  ,  ,  ,  , Free Wifi,  ,  ,  ,  ,  ,  ,  , Parkinglot, Television, Doublebed, Twinbed,  , Bathroom,  ,  ,  "
Ardi Hotel,Semera,4,$890.00,Restaurant, ,Pizza, , , ,Bicycle Riding,Board Games, , ,Free Wifi,Gym,Playstation, ,Children activities,Freetaxiservice,Atm onsite,Laundryservice,Parkinglot,Television,Doublebed,Twinbed,Airconditioner,Bathroom, ,Refrigerator,Showerchair,"Restaurant,  , Pizza,  ,  ,  , Bicycle Riding, Board Games,  ,  , Free Wifi, Gym, Playstation,  , Children activities, Freetaxiservice, Atm onsite, Laundryservice, Parkinglot, Television, Doublebed, Twinbed, Airconditioner, Bathroom,  , Refrigerator, Showerchair"
Dini Hotel,Semera,3,$780.00,Restaurant,Free Breakfast, , , ,Horseback Riding, ,Board Games,Swimming Pool,Free Cancellation,Free Wifi,Gym,Playstation, ,Children activities,Freetaxiservice, ,Laundryservice,Parkinglot, ,Doublebed,Twinbed, ,Bathroom,Telephone,Refrigerator,Showerchair,"Restaurant, Free Breakfast,  ,  ,  , Horseback Riding,  , Board Games, Swimming Pool, Free Cancellation, Free Wifi, Gym, Playstation,  , Children activities, Freetaxiservice,  , Laundryservice, Parkinglot,  , Doublebed, Twinbed,  , Bathroom, Telephone, Refrigerator, Showerchair"
Kuriftu Resort,Bishoftu,4,"$4,160.00",Restaurant,Free Breakfast,Pizza,Burger, ,Horseback Riding,Bicycle Riding,Board Games,Swimming Pool,Free Cancellation, , , ,Cctv camera, , ,Atm onsite,Laundryservice,Parkinglot,Television,Doublebed,Twinbed,Airconditioner,Bathroom,Telephone,Refrigerator,Showerchair,"Restaurant, Free Breakfast, Pizza, Burger,  , Horseback Riding, Bicycle Riding, Board Games, Swimming Pool, Free Cancellation,  ,  ,  , Cctv camera,  ,  , Atm onsite, Laundryservice, Parkinglot, Television, Doublebed, Twinbed, Airconditioner, Bathroom, Telephone, Refrigerator, Showerchair"
Babogaya Lake Viewpoint Lodge,Bishoftu,4,"$2,740.00",Restaurant,Free Breakfast,Pizza, , , ,Bicycle Riding,Board Games,Swimming Pool,Free Cancellation,Free Wifi, , , ,Children activities, , , ,Parkinglot,Television,Doublebed,Twinbed,Airconditioner,Bathroom,Telephone, , ,"Restaurant, Free Breakfast, Pizza,  ,  ,  , Bicycle Riding, Board Games, Swimming Pool, Free Cancellation, Free Wifi,  ,  ,  , Children activities,  ,  ,  , Parkinglot, Television, Doublebed, Twinbed, Airconditioner, Bathroom, Telephone,  ,  "
Asham Africa Hotel,Bishoftu,4,"$3,253.00",Restaurant,Free Breakfast,Pizza,Burger,Table Tennis, ,Bicycle Riding,Board Games,Swimming Pool,Free Cancellation,Free Wifi,Gym, ,Cctv camera,Children activities, , ,Laundryservice,Parkinglot,Television,Doublebed,Twinbed,Airconditioner,Bathroom,Telephone, , ,"Restaurant, Free Breakfast, Pizza, Burger, Table Tennis,  , Bicycle Riding, Board Games, Swimming Pool, Free Cancellation, Free Wifi, Gym,  , Cctv camera, Children activities,  ,  , Laundryservice, Parkinglot, Television, Doublebed, Twinbed, Airconditioner, Bathroom, Telephone,  ,  "
Wose Star Hotel,Hosaena,1,$656.00,Restaurant, , , , , , , , , ,Free Wifi, , , , , ,Atm onsite,Laundryservice,Parkinglot,Television,Doublebed, , ,Bathroom, , , ,"Restaurant,  ,  ,  ,  ,  ,  ,  ,  ,  , Free Wifi,  ,  ,  ,  ,  , Atm onsite, Laundryservice, Parkinglot, Television, Doublebed,  ,  , Bathroom,  ,  ,  "
Lemma Inernational Hotel,Soddo,3,$50.00,Restaurant, , , , , , , , , ,Free Wifi, , , , , , ,Laundryservice,Parkinglot,Television,Doublebed,Twinbed,Airconditioner,Bathroom, , , ,"Restaurant,  ,  ,  ,  ,  ,  ,  ,  ,  , Free Wifi,  ,  ,  ,  ,  ,  , Laundryservice, Parkinglot, Television, Doublebed, Twinbed, Airconditioner, Bathroom,  ,  ,  "
Lewi Resort Wolaita,Soddo,4,$989.00,Restaurant, , , , , , , , , ,Free Wifi, , , , , , ,Laundryservice,Parkinglot,Television,Doublebed,Twinbed,Airconditioner,Bathroom, , , ,"Restaurant,  ,  ,  ,  ,  ,  ,  ,  ,  , Free Wifi,  ,  ,  ,  ,  ,  , Laundryservice, Parkinglot, Television, Doublebed, Twinbed, Airconditioner, Bathroom,  ,  ,  "
Nega International,Soddo,3,$754.00,Restaurant, ,Pizza, ,Table Tennis, , , , , ,Free Wifi, , , ,Children activities, ,Atm onsite, ,Parkinglot,Television,Doublebed, ,Airconditioner,Bathroom, , , ,"Restaurant,  , Pizza,  , Table Tennis,  ,  ,  ,  ,  , Free Wifi,  ,  ,  , Children activities,  , Atm onsite,  , Parkinglot, Television, Doublebed,  , Airconditioner, Bathroom,  ,  ,  "